id_municipio,municipio_nome,nome_rm,legislacao,data,legislacao_data
3503000,Aramina,Aglomeração Urbana de Franca,Lei Complementar 1.323,2018-05-22,Lei Complementar 1.323 de 22.05.2018
3508207,Buritizal,Aglomeração Urbana de Franca,Lei Complementar 1.323,2018-05-22,Lei Complementar 1.323 de 22.05.2018
3513207,Cristais Paulista,Aglomeração Urbana de Franca,Lei Complementar 1.323,2018-05-22,Lei Complementar 1.323 de 22.05.2018
3516200,Franca,Aglomeração Urbana de Franca,Lei Complementar 1.323,2018-05-22,Lei Complementar 1.323 de 22.05.2018
3517406,Guaíra,Aglomeração Urbana de Franca,Lei Complementar 1.323,2018-05-22,Lei Complementar 1.323 de 22.05.2018
3517703,Guará,Aglomeração Urbana de Franca,Lei Complementar 1.323,2018-05-22,Lei Complementar 1.323 de 22.05.2018
3520103,Igarapava,Aglomeração Urbana de Franca,Lei Complementar 1.323,2018-05-22,Lei Complementar 1.323 de 22.05.2018
3521309,Ipuã,Aglomeração Urbana de Franca,Lei Complementar 1.323,2018-05-22,Lei Complementar 1.323 de 22.05.2018
3523701,Itirapuã,Aglomeração Urbana de Franca,Lei Complementar 1.323,2018-05-22,Lei Complementar 1.323 de 22.05.2018
3524105,Ituverava,Aglomeração Urbana de Franca,Lei Complementar 1.323,2018-05-22,Lei Complementar 1.323 de 22.05.2018
3525409,Jeriquara,Aglomeração Urbana de Franca,Lei Complementar 1.323,2018-05-22,Lei Complementar 1.323 de 22.05.2018
3529708,Miguelópolis,Aglomeração Urbana de Franca,Lei Complementar 1.323,2018-05-22,Lei Complementar 1.323 de 22.05.2018
3536307,Patrocínio Paulista,Aglomeração Urbana de Franca,Lei Complementar 1.323,2018-05-22,Lei Complementar 1.323 de 22.05.2018
3537008,Pedregulho,Aglomeração Urbana de Franca,Lei Complementar 1.323,2018-05-22,Lei Complementar 1.323 de 22.05.2018
3542701,Restinga,Aglomeração Urbana de Franca,Lei Complementar 1.323,2018-05-22,Lei Complementar 1.323 de 22.05.2018
3543105,Ribeirão Corrente,Aglomeração Urbana de Franca,Lei Complementar 1.323,2018-05-22,Lei Complementar 1.323 de 22.05.2018
3543600,Rifaina,Aglomeração Urbana de Franca,Lei Complementar 1.323,2018-05-22,Lei Complementar 1.323 de 22.05.2018
3549409,São Joaquim da Barra,Aglomeração Urbana de Franca,Lei Complementar 1.323,2018-05-22,Lei Complementar 1.323 de 22.05.2018
3549508,São José da Bela Vista,Aglomeração Urbana de Franca,Lei Complementar 1.323,2018-05-22,Lei Complementar 1.323 de 22.05.2018
3508405,Cabreúva,Aglomeração Urbana de Jundiaí,Lei Complementar 1.146,2011-08-24,Lei Complementar 1.146 de 24.08.2011
3509601,Campo Limpo Paulista,Aglomeração Urbana de Jundiaí,Lei Complementar 1.146,2011-08-24,Lei Complementar 1.146 de 24.08.2011
3524006,Itupeva,Aglomeração Urbana de Jundiaí,Lei Complementar 1.146,2011-08-24,Lei Complementar 1.146 de 24.08.2011
3525201,Jarinu,Aglomeração Urbana de Jundiaí,Lei Complementar 1.146,2011-08-24,Lei Complementar 1.146 de 24.08.2011
3525904,Jundiaí,Aglomeração Urbana de Jundiaí,Lei Complementar 1.146,2011-08-24,Lei Complementar 1.146 de 24.08.2011
3527306,Louveira,Aglomeração Urbana de Jundiaí,Lei Complementar 1.146,2011-08-24,Lei Complementar 1.146 de 24.08.2011
3556503,Várzea Paulista,Aglomeração Urbana de Jundiaí,Lei Complementar 1.146,2011-08-24,Lei Complementar 1.146 de 24.08.2011
3500600,Águas de São Pedro,Aglomeração Urbana de Piracicaba-AU- Piracicaba,Lei Complementar 1.178,2012-06-26,Lei Complementar 1.178 de 26.06.2012
3502002,Analândia,Aglomeração Urbana de Piracicaba-AU- Piracicaba,Lei Complementar 1.178,2012-06-26,Lei Complementar 1.178 de 26.06.2012
3503307,Araras,Aglomeração Urbana de Piracicaba-AU- Piracicaba,Lei Complementar 1.178,2012-06-26,Lei Complementar 1.178 de 26.06.2012
3510401,Capivari,Aglomeração Urbana de Piracicaba-AU- Piracicaba,Lei Complementar 1.178,2012-06-26,Lei Complementar 1.178 de 26.06.2012
3511706,Charqueada,Aglomeração Urbana de Piracicaba-AU- Piracicaba,Lei Complementar 1.178,2012-06-26,Lei Complementar 1.178 de 26.06.2012
3512209,Conchal,Aglomeração Urbana de Piracicaba-AU- Piracicaba,Lei Complementar 1.178,2012-06-26,Lei Complementar 1.178 de 26.06.2012
3512407,Cordeirópolis,Aglomeração Urbana de Piracicaba-AU- Piracicaba,Lei Complementar 1.178,2012-06-26,Lei Complementar 1.178 de 26.06.2012
3512704,Corumbataí,Aglomeração Urbana de Piracicaba-AU- Piracicaba,Lei Complementar 1.178,2012-06-26,Lei Complementar 1.178 de 26.06.2012
3514908,Elias Fausto,Aglomeração Urbana de Piracicaba-AU- Piracicaba,Lei Complementar 1.178,2012-06-26,Lei Complementar 1.178 de 26.06.2012
3521101,Ipeúna,Aglomeração Urbana de Piracicaba-AU- Piracicaba,Lei Complementar 1.178,2012-06-26,Lei Complementar 1.178 de 26.06.2012
3521408,Iracemápolis,Aglomeração Urbana de Piracicaba-AU- Piracicaba,Lei Complementar 1.178,2012-06-26,Lei Complementar 1.178 de 26.06.2012
3526407,Laranjal Paulista,Aglomeração Urbana de Piracicaba-AU- Piracicaba,Lei Complementar 1.265,2015-06-15,Lei Complementar 1.265 de 15.06.2015
3526704,Leme,Aglomeração Urbana de Piracicaba-AU- Piracicaba,Lei Complementar 1.178,2012-06-26,Lei Complementar 1.178 de 26.06.2012
3526902,Limeira,Aglomeração Urbana de Piracicaba-AU- Piracicaba,Lei Complementar 1.178,2012-06-26,Lei Complementar 1.178 de 26.06.2012
3530904,Mombuca,Aglomeração Urbana de Piracicaba-AU- Piracicaba,Lei Complementar 1.178,2012-06-26,Lei Complementar 1.178 de 26.06.2012
3538709,Piracicaba,Aglomeração Urbana de Piracicaba-AU- Piracicaba,Lei Complementar 1.178,2012-06-26,Lei Complementar 1.178 de 26.06.2012
3542107,Rafard,Aglomeração Urbana de Piracicaba-AU- Piracicaba,Lei Complementar 1.178,2012-06-26,Lei Complementar 1.178 de 26.06.2012
3543907,Rio Claro,Aglomeração Urbana de Piracicaba-AU- Piracicaba,Lei Complementar 1.178,2012-06-26,Lei Complementar 1.178 de 26.06.2012
3544004,Rio das Pedras,Aglomeração Urbana de Piracicaba-AU- Piracicaba,Lei Complementar 1.178,2012-06-26,Lei Complementar 1.178 de 26.06.2012
3545159,Saltinho,Aglomeração Urbana de Piracicaba-AU- Piracicaba,Lei Complementar 1.178,2012-06-26,Lei Complementar 1.178 de 26.06.2012
3546702,Santa Gertrudes,Aglomeração Urbana de Piracicaba-AU- Piracicaba,Lei Complementar 1.178,2012-06-26,Lei Complementar 1.178 de 26.06.2012
3547007,Santa Maria da Serra,Aglomeração Urbana de Piracicaba-AU- Piracicaba,Lei Complementar 1.178,2012-06-26,Lei Complementar 1.178 de 26.06.2012
3550407,São Pedro,Aglomeração Urbana de Piracicaba-AU- Piracicaba,Lei Complementar 1.178,2012-06-26,Lei Complementar 1.178 de 26.06.2012
3506359,Bertioga,Região Metropolitana da Baixada Santista,Lei Complementar 815,1996-07-30,Lei Complementar 815 de 30.07.1996
3513504,Cubatão,Região Metropolitana da Baixada Santista,Lei Complementar 815,1996-07-30,Lei Complementar 815 de 30.07.1996
3518701,Guarujá,Região Metropolitana da Baixada Santista,Lei Complementar 815,1996-07-30,Lei Complementar 815 de 30.07.1996
3522109,Itanhaém,Região Metropolitana da Baixada Santista,Lei Complementar 815,1996-07-30,Lei Complementar 815 de 30.07.1996
3531100,Mongaguá,Região Metropolitana da Baixada Santista,Lei Complementar 815,1996-07-30,Lei Complementar 815 de 30.07.1996
3537602,Peruíbe,Região Metropolitana da Baixada Santista,Lei Complementar 815,1996-07-30,Lei Complementar 815 de 30.07.1996
3541000,Praia Grande,Região Metropolitana da Baixada Santista,Lei Complementar 815,1996-07-30,Lei Complementar 815 de 30.07.1996
3548500,Santos,Região Metropolitana da Baixada Santista,Lei Complementar 815,1996-07-30,Lei Complementar 815 de 30.07.1996
3551009,São Vicente,Região Metropolitana da Baixada Santista,Lei Complementar 815,1996-07-30,Lei Complementar 815 de 30.07.1996
3501608,Americana,Região Metropolitana de Campinas,Lei Complementar 870,2000-06-19,Lei Complementar 870 de 19.06.2000
3503802,Artur Nogueira,Região Metropolitana de Campinas,Lei Complementar 870,2000-06-19,Lei Complementar 870 de 19.06.2000
3509502,Campinas,Região Metropolitana de Campinas,Lei Complementar 870,2000-06-19,Lei Complementar 870 de 19.06.2000
3512803,Cosmópolis,Região Metropolitana de Campinas,Lei Complementar 870,2000-06-19,Lei Complementar 870 de 19.06.2000
3515152,Engenheiro Coelho,Região Metropolitana de Campinas,Lei Complementar 870,2000-06-19,Lei Complementar 870 de 19.06.2000
3519055,Holambra,Região Metropolitana de Campinas,Lei Complementar 870,2000-06-19,Lei Complementar 870 de 19.06.2000
3519071,Hortolândia,Região Metropolitana de Campinas,Lei Complementar 870,2000-06-19,Lei Complementar 870 de 19.06.2000
3520509,Indaiatuba,Região Metropolitana de Campinas,Lei Complementar 870,2000-06-19,Lei Complementar 870 de 19.06.2000
3523404,Itatiba,Região Metropolitana de Campinas,Lei Complementar 870,2000-06-19,Lei Complementar 870 de 19.06.2000
3524709,Jaguariúna,Região Metropolitana de Campinas,Lei Complementar 870,2000-06-19,Lei Complementar 870 de 19.06.2000
3531803,Monte Mor,Região Metropolitana de Campinas,Lei Complementar 870,2000-06-19,Lei Complementar 870 de 19.06.2000
3532009,Morungaba,Região Metropolitana de Campinas,Lei Complementar 1.234,2014-03-14,Lei Complementar 1.234 de 14.03.2014
3533403,Nova Odessa,Região Metropolitana de Campinas,Lei Complementar 870,2000-06-19,Lei Complementar 870 de 19.06.2000
3536505,Paulínia,Região Metropolitana de Campinas,Lei Complementar 870,2000-06-19,Lei Complementar 870 de 19.06.2000
3537107,Pedreira,Região Metropolitana de Campinas,Lei Complementar 870,2000-06-19,Lei Complementar 870 de 19.06.2000
3545803,Santa Bárbara d'Oeste,Região Metropolitana de Campinas,Lei Complementar 870,2000-06-19,Lei Complementar 870 de 19.06.2000
3548005,Santo Antônio de Posse,Região Metropolitana de Campinas,Lei Complementar 870,2000-06-19,Lei Complementar 870 de 19.06.2000
3552403,Sumaré,Região Metropolitana de Campinas,Lei Complementar 870,2000-06-19,Lei Complementar 870 de 19.06.2000
3556206,Valinhos,Região Metropolitana de Campinas,Lei Complementar 870,2000-06-19,Lei Complementar 870 de 19.06.2000
3556701,Vinhedo,Região Metropolitana de Campinas,Lei Complementar 870,2000-06-19,Lei Complementar 870 de 19.06.2000
3505609,Barrinha,Região Metropolitana de Ribeirão Preto,Lei Complementar 1.290,2016-07-06,Lei Complementar 1.290 de 06.07.2016
3507803,Brodowski,Região Metropolitana de Ribeirão Preto,Lei Complementar 1.290,2016-07-06,Lei Complementar 1.290 de 06.07.2016
3513108,Cravinhos,Região Metropolitana de Ribeirão Preto,Lei Complementar 1.290,2016-07-06,Lei Complementar 1.290 de 06.07.2016
3514601,Dumont,Região Metropolitana de Ribeirão Preto,Lei Complementar 1.290,2016-07-06,Lei Complementar 1.290 de 06.07.2016
3518859,Guatapará,Região Metropolitana de Ribeirão Preto,Lei Complementar 1.290,2016-07-06,Lei Complementar 1.290 de 06.07.2016
3525102,Jardinópolis,Região Metropolitana de Ribeirão Preto,Lei Complementar 1.290,2016-07-06,Lei Complementar 1.290 de 06.07.2016
3527603,Luís Antônio,Região Metropolitana de Ribeirão Preto,Lei Complementar 1.290,2016-07-06,Lei Complementar 1.290 de 06.07.2016
3540200,Pontal,Região Metropolitana de Ribeirão Preto,Lei Complementar 1.290,2016-07-06,Lei Complementar 1.290 de 06.07.2016
3540903,Pradópolis,Região Metropolitana de Ribeirão Preto,Lei Complementar 1.290,2016-07-06,Lei Complementar 1.290 de 06.07.2016
3543402,Ribeirão Preto,Região Metropolitana de Ribeirão Preto,Lei Complementar 1.290,2016-07-06,Lei Complementar 1.290 de 06.07.2016
3547502,Santa Rita do Passa Quatro,Região Metropolitana de Ribeirão Preto,Lei Complementar 1.290,2016-07-06,Lei Complementar 1.290 de 06.07.2016
3550902,São Simão,Região Metropolitana de Ribeirão Preto,Lei Complementar 1.290,2016-07-06,Lei Complementar 1.290 de 06.07.2016
3551405,Serra Azul,Região Metropolitana de Ribeirão Preto,Lei Complementar 1.290,2016-07-06,Lei Complementar 1.290 de 06.07.2016
3551504,Serrana,Região Metropolitana de Ribeirão Preto,Lei Complementar 1.290,2016-07-06,Lei Complementar 1.290 de 06.07.2016
3551702,Sertãozinho,Região Metropolitana de Ribeirão Preto,Lei Complementar 1.290,2016-07-06,Lei Complementar 1.290 de 06.07.2016
3518602,Guariba,Região Metropolitana de Ribeirão Preto,Lei Complementar 1.290,2016-07-06,Lei Complementar 1.290 de 06.07.2016
3524303,Jaboticabal,Região Metropolitana de Ribeirão Preto,Lei Complementar 1.290,2016-07-06,Lei Complementar 1.290 de 06.07.2016
3531308,Monte Alto,Região Metropolitana de Ribeirão Preto,Lei Complementar 1.290,2016-07-06,Lei Complementar 1.290 de 06.07.2016
3539509,Pitangueiras,Região Metropolitana de Ribeirão Preto,Lei Complementar 1.290,2016-07-06,Lei Complementar 1.290 de 06.07.2016
3553203,Taiúva,Região Metropolitana de Ribeirão Preto,Lei Complementar 1.290,2016-07-06,Lei Complementar 1.290 de 06.07.2016
3553658,Taquaral,Região Metropolitana de Ribeirão Preto,Lei Complementar 1.290,2016-07-06,Lei Complementar 1.290 de 06.07.2016
3509403,Cajuru,Região Metropolitana de Ribeirão Preto,Lei Complementar 1.290,2016-07-06,Lei Complementar 1.290 de 06.07.2016
3510906,Cássia dos Coqueiros,Região Metropolitana de Ribeirão Preto,Lei Complementar 1.290,2016-07-06,Lei Complementar 1.290 de 06.07.2016
3530508,Mococa,Região Metropolitana de Ribeirão Preto,Lei Complementar 1.290,2016-07-06,Lei Complementar 1.290 de 06.07.2016
3546256,Santa Cruz da Esperança,Região Metropolitana de Ribeirão Preto,Lei Complementar 1.290,2016-07-06,Lei Complementar 1.290 de 06.07.2016
3547601,Santa Rosa de Viterbo,Região Metropolitana de Ribeirão Preto,Lei Complementar 1.290,2016-07-06,Lei Complementar 1.290 de 06.07.2016
3553302,Tambaú,Região Metropolitana de Ribeirão Preto,Lei Complementar 1.290,2016-07-06,Lei Complementar 1.290 de 06.07.2016
3501004,Altinópolis,Região Metropolitana de Ribeirão Preto,Lei Complementar 1.290,2016-07-06,Lei Complementar 1.290 de 06.07.2016
3505906,Batatais,Região Metropolitana de Ribeirão Preto,Lei Complementar 1.290,2016-07-06,Lei Complementar 1.290 de 06.07.2016
3531902,Morro Agudo,Região Metropolitana de Ribeirão Preto,Lei Complementar 1.290,2016-07-06,Lei Complementar 1.290 de 06.07.2016
3533601,Nuporanga,Região Metropolitana de Ribeirão Preto,Lei Complementar 1.290,2016-07-06,Lei Complementar 1.290 de 06.07.2016
3534302,Orlândia,Região Metropolitana de Ribeirão Preto,Lei Complementar 1.290,2016-07-06,Lei Complementar 1.290 de 06.07.2016
3544905,Sales Oliveira,Região Metropolitana de Ribeirão Preto,Lei Complementar 1.290,2016-07-06,Lei Complementar 1.290 de 06.07.2016
3547908,Santo Antônio da Alegria,Região Metropolitana de Ribeirão Preto,Lei Complementar 1.290,2016-07-06,Lei Complementar 1.290 de 06.07.2016
3503901,Arujá,Região Metropolitana de São Paulo,Lei Complementar 1.139,2011-06-16,Lei Complementar 1.139 de 16.06.2011
3506607,Biritiba-Mirim,Região Metropolitana de São Paulo,Lei Complementar 1.139,2011-06-16,Lei Complementar 1.139 de 16.06.2011
3515707,Ferraz de Vasconcelos,Região Metropolitana de São Paulo,Lei Complementar 1.139,2011-06-16,Lei Complementar 1.139 de 16.06.2011
3518305,Guararema,Região Metropolitana de São Paulo,Lei Complementar 1.139,2011-06-16,Lei Complementar 1.139 de 16.06.2011
3518800,Guarulhos,Região Metropolitana de São Paulo,Lei Complementar 1.139,2011-06-16,Lei Complementar 1.139 de 16.06.2011
3523107,Itaquaquecetuba,Região Metropolitana de São Paulo,Lei Complementar 1.139,2011-06-16,Lei Complementar 1.139 de 16.06.2011
3530607,Mogi das Cruzes,Região Metropolitana de São Paulo,Lei Complementar 1.139,2011-06-16,Lei Complementar 1.139 de 16.06.2011
3539806,Poá,Região Metropolitana de São Paulo,Lei Complementar 1.139,2011-06-16,Lei Complementar 1.139 de 16.06.2011
3545001,Salesópolis,Região Metropolitana de São Paulo,Lei Complementar 1.139,2011-06-16,Lei Complementar 1.139 de 16.06.2011
3546801,Santa Isabel,Região Metropolitana de São Paulo,Lei Complementar 1.139,2011-06-16,Lei Complementar 1.139 de 16.06.2011
3552502,Suzano,Região Metropolitana de São Paulo,Lei Complementar 1.139,2011-06-16,Lei Complementar 1.139 de 16.06.2011
3509007,Caieiras,Região Metropolitana de São Paulo,Lei Complementar 1.139,2011-06-16,Lei Complementar 1.139 de 16.06.2011
3509205,Cajamar,Região Metropolitana de São Paulo,Lei Complementar 1.139,2011-06-16,Lei Complementar 1.139 de 16.06.2011
3516309,Francisco Morato,Região Metropolitana de São Paulo,Lei Complementar 1.139,2011-06-16,Lei Complementar 1.139 de 16.06.2011
3516408,Franco da Rocha,Região Metropolitana de São Paulo,Lei Complementar 1.139,2011-06-16,Lei Complementar 1.139 de 16.06.2011
3528502,Mairiporã,Região Metropolitana de São Paulo,Lei Complementar 1.139,2011-06-16,Lei Complementar 1.139 de 16.06.2011
3505708,Barueri,Região Metropolitana de São Paulo,Lei Complementar 1.139,2011-06-16,Lei Complementar 1.139 de 16.06.2011
3510609,Carapicuíba,Região Metropolitana de São Paulo,Lei Complementar 1.139,2011-06-16,Lei Complementar 1.139 de 16.06.2011
3522505,Itapevi,Região Metropolitana de São Paulo,Lei Complementar 1.139,2011-06-16,Lei Complementar 1.139 de 16.06.2011
3525003,Jandira,Região Metropolitana de São Paulo,Lei Complementar 1.139,2011-06-16,Lei Complementar 1.139 de 16.06.2011
3534401,Osasco,Região Metropolitana de São Paulo,Lei Complementar 1.139,2011-06-16,Lei Complementar 1.139 de 16.06.2011
3539103,Pirapora do Bom Jesus,Região Metropolitana de São Paulo,Lei Complementar 1.139,2011-06-16,Lei Complementar 1.139 de 16.06.2011
3547304,Santana de Parnaíba,Região Metropolitana de São Paulo,Lei Complementar 1.139,2011-06-16,Lei Complementar 1.139 de 16.06.2011
3513801,Diadema,Região Metropolitana de São Paulo,Lei Complementar 1.139,2011-06-16,Lei Complementar 1.139 de 16.06.2011
3529401,Mauá,Região Metropolitana de São Paulo,Lei Complementar 1.139,2011-06-16,Lei Complementar 1.139 de 16.06.2011
3543303,Ribeirão Pires,Região Metropolitana de São Paulo,Lei Complementar 1.139,2011-06-16,Lei Complementar 1.139 de 16.06.2011
3544103,Rio Grande da Serra,Região Metropolitana de São Paulo,Lei Complementar 1.139,2011-06-16,Lei Complementar 1.139 de 16.06.2011
3547809,Santo André,Região Metropolitana de São Paulo,Lei Complementar 1.139,2011-06-16,Lei Complementar 1.139 de 16.06.2011
3548708,São Bernardo do Campo,Região Metropolitana de São Paulo,Lei Complementar 1.139,2011-06-16,Lei Complementar 1.139 de 16.06.2011
3548807,São Caetano do Sul,Região Metropolitana de São Paulo,Lei Complementar 1.139,2011-06-16,Lei Complementar 1.139 de 16.06.2011
3513009,Cotia,Região Metropolitana de São Paulo,Lei Complementar 1.139,2011-06-16,Lei Complementar 1.139 de 16.06.2011
3515004,Embu das Artes,Região Metropolitana de São Paulo,Lei Complementar 1.139,2011-06-16,Lei Complementar 1.139 de 16.06.2011
3515103,Embu-Guaçu,Região Metropolitana de São Paulo,Lei Complementar 1.139,2011-06-16,Lei Complementar 1.139 de 16.06.2011
3522208,Itapecerica da Serra,Região Metropolitana de São Paulo,Lei Complementar 1.139,2011-06-16,Lei Complementar 1.139 de 16.06.2011
3526209,Juquitiba,Região Metropolitana de São Paulo,Lei Complementar 1.139,2011-06-16,Lei Complementar 1.139 de 16.06.2011
3549953,São Lourenço da Serra,Região Metropolitana de São Paulo,Lei Complementar 1.139,2011-06-16,Lei Complementar 1.139 de 16.06.2011
3552809,Taboão da Serra,Região Metropolitana de São Paulo,Lei Complementar 1.139,2011-06-16,Lei Complementar 1.139 de 16.06.2011
3556453,Vargem Grande Paulista,Região Metropolitana de São Paulo,Lei Complementar 1.139,2011-06-16,Lei Complementar 1.139 de 16.06.2011
3550308,São Paulo,Região Metropolitana de São Paulo,Lei Complementar 1.139,2011-06-16,Lei Complementar 1.139 de 16.06.2011
3500758,Alambari,Região Metropolitana de Sorocaba,Lei Complementar 1.241,2014-06-20,Lei Complementar 1.241 de 20.06.2014
3507001,Boituva,Região Metropolitana de Sorocaba,Lei Complementar 1.241,2014-06-20,Lei Complementar 1.241 de 20.06.2014
3510302,Capela do Alto,Região Metropolitana de Sorocaba,Lei Complementar 1.241,2014-06-20,Lei Complementar 1.241 de 20.06.2014
3511508,Cerquilho,Região Metropolitana de Sorocaba,Lei Complementar 1.241,2014-06-20,Lei Complementar 1.241 de 20.06.2014
3511607,Cesário Lange,Região Metropolitana de Sorocaba,Lei Complementar 1.241,2014-06-20,Lei Complementar 1.241 de 20.06.2014
3522307,Itapetininga,Região Metropolitana de Sorocaba,Lei Complementar 1.289,2016-06-29,Lei Complementar 1.289 de 29.06.2016
3525854,Jumirim,Região Metropolitana de Sorocaba,Lei Complementar 1.241,2014-06-20,Lei Complementar 1.241 de 20.06.2014
3551108,Sarapuí,Região Metropolitana de Sorocaba,Lei Complementar 1.241,2014-06-20,Lei Complementar 1.241 de 20.06.2014
3554003,Tatuí,Região Metropolitana de Sorocaba,Lei Complementar 1.241,2014-06-20,Lei Complementar 1.241 de 20.06.2014
3554508,Tietê,Região Metropolitana de Sorocaba,Lei Complementar 1.241,2014-06-20,Lei Complementar 1.241 de 20.06.2014
3501152,Alumínio,Região Metropolitana de Sorocaba,Lei Complementar 1.241,2014-06-20,Lei Complementar 1.241 de 20.06.2014
3502754,Araçariguama,Região Metropolitana de Sorocaba,Lei Complementar 1.241,2014-06-20,Lei Complementar 1.241 de 20.06.2014
3519709,Ibiúna,Região Metropolitana de Sorocaba,Lei Complementar 1.241,2014-06-20,Lei Complementar 1.241 de 20.06.2014
3523909,Itu,Região Metropolitana de Sorocaba,Lei Complementar 1.241,2014-06-20,Lei Complementar 1.241 de 20.06.2014
3528403,Mairinque,Região Metropolitana de Sorocaba,Lei Complementar 1.241,2014-06-20,Lei Complementar 1.241 de 20.06.2014
3540606,Porto Feliz,Região Metropolitana de Sorocaba,Lei Complementar 1.241,2014-06-20,Lei Complementar 1.241 de 20.06.2014
3545209,Salto,Região Metropolitana de Sorocaba,Lei Complementar 1.241,2014-06-20,Lei Complementar 1.241 de 20.06.2014
3550605,São Roque,Região Metropolitana de Sorocaba,Lei Complementar 1.241,2014-06-20,Lei Complementar 1.241 de 20.06.2014
3502903,Araçoiaba da Serra,Região Metropolitana de Sorocaba,Lei Complementar 1.241,2014-06-20,Lei Complementar 1.241 de 20.06.2014
3521002,Iperó,Região Metropolitana de Sorocaba,Lei Complementar 1.241,2014-06-20,Lei Complementar 1.241 de 20.06.2014
3537800,Piedade,Região Metropolitana de Sorocaba,Lei Complementar 1.241,2014-06-20,Lei Complementar 1.241 de 20.06.2014
3537909,Pilar do Sul,Região Metropolitana de Sorocaba,Lei Complementar 1.241,2014-06-20,Lei Complementar 1.241 de 20.06.2014
3545308,Salto de Pirapora,Região Metropolitana de Sorocaba,Lei Complementar 1.241,2014-06-20,Lei Complementar 1.241 de 20.06.2014
3550209,São Miguel Arcanjo,Região Metropolitana de Sorocaba,Lei Complementar 1.241,2014-06-20,Lei Complementar 1.241 de 20.06.2014
3552205,Sorocaba,Região Metropolitana de Sorocaba,Lei Complementar 1.241,2014-06-20,Lei Complementar 1.241 de 20.06.2014
3553500,Tapiraí,Região Metropolitana de Sorocaba,Lei Complementar 1.241,2014-06-20,Lei Complementar 1.241 de 20.06.2014
3557006,Votorantim,Região Metropolitana de Sorocaba,Lei Complementar 1.241,2014-06-20,Lei Complementar 1.241 de 20.06.2014
3508504,Caçapava,Região Metropolitana do Vale do Paraíba e Litoral Norte,Lei Complementar 1.166,2012-01-09,Lei Complementar 1.166 de 09.01.2012
3520202,Igaratá,Região Metropolitana do Vale do Paraíba e Litoral Norte,Lei Complementar 1.166,2012-01-09,Lei Complementar 1.166 de 09.01.2012
3524402,Jacareí,Região Metropolitana do Vale do Paraíba e Litoral Norte,Lei Complementar 1.166,2012-01-09,Lei Complementar 1.166 de 09.01.2012
3524907,Jambeiro,Região Metropolitana do Vale do Paraíba e Litoral Norte,Lei Complementar 1.166,2012-01-09,Lei Complementar 1.166 de 09.01.2012
3531704,Monteiro Lobato,Região Metropolitana do Vale do Paraíba e Litoral Norte,Lei Complementar 1.166,2012-01-09,Lei Complementar 1.166 de 09.01.2012
3535606,Paraibuna,Região Metropolitana do Vale do Paraíba e Litoral Norte,Lei Complementar 1.166,2012-01-09,Lei Complementar 1.166 de 09.01.2012
3546009,Santa Branca,Região Metropolitana do Vale do Paraíba e Litoral Norte,Lei Complementar 1.166,2012-01-09,Lei Complementar 1.166 de 09.01.2012
3549904,São José dos Campos,Região Metropolitana do Vale do Paraíba e Litoral Norte,Lei Complementar 1.166,2012-01-09,Lei Complementar 1.166 de 09.01.2012
3509700,Campos do Jordão,Região Metropolitana do Vale do Paraíba e Litoral Norte,Lei Complementar 1.166,2012-01-09,Lei Complementar 1.166 de 09.01.2012
3526308,Lagoinha,Região Metropolitana do Vale do Paraíba e Litoral Norte,Lei Complementar 1.166,2012-01-09,Lei Complementar 1.166 de 09.01.2012
3532306,Natividade da Serra,Região Metropolitana do Vale do Paraíba e Litoral Norte,Lei Complementar 1.166,2012-01-09,Lei Complementar 1.166 de 09.01.2012
3538006,Pindamonhangaba,Região Metropolitana do Vale do Paraíba e Litoral Norte,Lei Complementar 1.166,2012-01-09,Lei Complementar 1.166 de 09.01.2012
3542305,Redenção da Serra,Região Metropolitana do Vale do Paraíba e Litoral Norte,Lei Complementar 1.166,2012-01-09,Lei Complementar 1.166 de 09.01.2012
3548203,Santo Antônio do Pinhal,Região Metropolitana do Vale do Paraíba e Litoral Norte,Lei Complementar 1.166,2012-01-09,Lei Complementar 1.166 de 09.01.2012
3548609,São Bento do Sapucaí,Região Metropolitana do Vale do Paraíba e Litoral Norte,Lei Complementar 1.166,2012-01-09,Lei Complementar 1.166 de 09.01.2012
3550001,São Luís do Paraitinga,Região Metropolitana do Vale do Paraíba e Litoral Norte,Lei Complementar 1.166,2012-01-09,Lei Complementar 1.166 de 09.01.2012
3554102,Taubaté,Região Metropolitana do Vale do Paraíba e Litoral Norte,Lei Complementar 1.166,2012-01-09,Lei Complementar 1.166 de 09.01.2012
3554805,Tremembé,Região Metropolitana do Vale do Paraíba e Litoral Norte,Lei Complementar 1.166,2012-01-09,Lei Complementar 1.166 de 09.01.2012
3502507,Aparecida,Região Metropolitana do Vale do Paraíba e Litoral Norte,Lei Complementar 1.166,2012-01-09,Lei Complementar 1.166 de 09.01.2012
3508603,Cachoeira Paulista,Região Metropolitana do Vale do Paraíba e Litoral Norte,Lei Complementar 1.166,2012-01-09,Lei Complementar 1.166 de 09.01.2012
3509957,Canas,Região Metropolitana do Vale do Paraíba e Litoral Norte,Lei Complementar 1.166,2012-01-09,Lei Complementar 1.166 de 09.01.2012
3513603,Cunha,Região Metropolitana do Vale do Paraíba e Litoral Norte,Lei Complementar 1.166,2012-01-09,Lei Complementar 1.166 de 09.01.2012
3518404,Guaratinguetá,Região Metropolitana do Vale do Paraíba e Litoral Norte,Lei Complementar 1.166,2012-01-09,Lei Complementar 1.166 de 09.01.2012
3527207,Lorena,Região Metropolitana do Vale do Paraíba e Litoral Norte,Lei Complementar 1.166,2012-01-09,Lei Complementar 1.166 de 09.01.2012
3538501,Piquete,Região Metropolitana do Vale do Paraíba e Litoral Norte,Lei Complementar 1.166,2012-01-09,Lei Complementar 1.166 de 09.01.2012
3540754,Potim,Região Metropolitana do Vale do Paraíba e Litoral Norte,Lei Complementar 1.166,2012-01-09,Lei Complementar 1.166 de 09.01.2012
3544301,Roseira,Região Metropolitana do Vale do Paraíba e Litoral Norte,Lei Complementar 1.166,2012-01-09,Lei Complementar 1.166 de 09.01.2012
3503158,Arapeí,Região Metropolitana do Vale do Paraíba e Litoral Norte,Lei Complementar 1.166,2012-01-09,Lei Complementar 1.166 de 09.01.2012
3503505,Areias,Região Metropolitana do Vale do Paraíba e Litoral Norte,Lei Complementar 1.166,2012-01-09,Lei Complementar 1.166 de 09.01.2012
3504909,Bananal,Região Metropolitana do Vale do Paraíba e Litoral Norte,Lei Complementar 1.166,2012-01-09,Lei Complementar 1.166 de 09.01.2012
3513405,Cruzeiro,Região Metropolitana do Vale do Paraíba e Litoral Norte,Lei Complementar 1.166,2012-01-09,Lei Complementar 1.166 de 09.01.2012
3526605,Lavrinhas,Região Metropolitana do Vale do Paraíba e Litoral Norte,Lei Complementar 1.166,2012-01-09,Lei Complementar 1.166 de 09.01.2012
3541901,Queluz,Região Metropolitana do Vale do Paraíba e Litoral Norte,Lei Complementar 1.166,2012-01-09,Lei Complementar 1.166 de 09.01.2012
3549607,São José do Barreiro,Região Metropolitana do Vale do Paraíba e Litoral Norte,Lei Complementar 1.166,2012-01-09,Lei Complementar 1.166 de 09.01.2012
3552007,Silveiras,Região Metropolitana do Vale do Paraíba e Litoral Norte,Lei Complementar 1.166,2012-01-09,Lei Complementar 1.166 de 09.01.2012
3510500,Caraguatatuba,Região Metropolitana do Vale do Paraíba e Litoral Norte,Lei Complementar 1.166,2012-01-09,Lei Complementar 1.166 de 09.01.2012
3520400,Ilhabela,Região Metropolitana do Vale do Paraíba e Litoral Norte,Lei Complementar 1.166,2012-01-09,Lei Complementar 1.166 de 09.01.2012
3550704,São Sebastião,Região Metropolitana do Vale do Paraíba e Litoral Norte,Lei Complementar 1.166,2012-01-09,Lei Complementar 1.166 de 09.01.2012
3555406,Ubatuba,Região Metropolitana do Vale do Paraíba e Litoral Norte,Lei Complementar 1.166,2012-01-09,Lei Complementar 1.166 de 09.01.2012
